reading_id,station,recorded_at,temp_c,humidity,status,battery_pct,placement
1,bravo-2,2025-03-01T00:31:00,,95%,offline,98.3,Outdoor
2,DELTA-4,2025-03-01 01:39:00,8.3,25%,Offline,93.3,
3,ALPHA-1,2025-03-01T02:45:00,25.3 C,70.2,Degraded,59.7,Outdoor
4,BRAVO-2,01/03/2025 04:12,19.2,37.3,offline,53.0,indoor
5,bravo-2,01/03/2025 05:08,18.5,28.9,Offline,27.0,outdoor
6,alpha-1,2025-03-01 06:11:00,21.0,70.3,offline,6.5,Outdoor
7,bravo-2,01/03/2025 06:48,15.2 C,-999,DEGRADED,76.4,Outdoor
8,BRAVO-2,01/03/2025 07:16,N/A,82.6,offline,71.3,Outdoor
9,alpha-1,2025-03-01T07:41:00,21.2,64.5,Degraded,96.7,Outdoor
10,DELTA-4,2025-03-01T08:27:00,7.8,26%,offline,97.1,indoor
11,DELTA-4,2025-03-01 09:23:00,18.7,27.6,ok,72.1,outdoor
12,ALPHA-1,01/03/2025 10:03,N/A,91.9,OK,49.9,indoor
13,CHARLIE-3,2025-03-01T11:09:00,24.9,26%,OK,60.2,
14,bravo-2,2025-03-01T12:32:00,28.5,61.2,DEGRADED,18.6,
15,DELTA-4,01/03/2025 13:39,23.4,57%,offline,16.9,
16,alpha-1,01/03/2025 14:03,27.2,40%,ok,56.7,
17,BRAVO-2,2025-03-01T14:59:00,3.6,59.3,DEGRADED,52.2,Outdoor
18,alpha-1,01/03/2025 16:29,18.4,86%,Offline,48.1,outdoor
19,DELTA-4,2025-03-01 17:44:00,17.4,85%,OK,89.1,indoor
20,alpha-1,01/03/2025 18:39,12.1,87%,Offline,57.0,indoor
21,DELTA-4,01/03/2025 19:50,15.8,82.2,ok,28.2,
22,bravo-2,2025-03-01T21:03:00,21.5,70%,Offline,54.9,indoor
23,alpha-1,2025-03-01 21:44:00,13.5,63%,OK,51.5,outdoor
24,alpha-1,2025-03-01 23:03:00,17.3,60.2,DEGRADED,68.6,
25,alpha-1,01/03/2025 23:46,N/A,95%,OK,79.8,Outdoor
26,ALPHA-1,2025-03-02T00:34:00,34.5,64.1,DEGRADED,72.6,Outdoor
27,bravo-2,2025-03-02 01:28:00,8.6,60.6,DEGRADED,75.4,Outdoor
28,ALPHA-1,2025-03-02 02:22:00,10.0,54.9,offline,15.6,Outdoor
29,bravo-2,2025-03-02T02:45:00,23.2,42%,ok,87.6,
30,BRAVO-2,02/03/2025 03:50,,32%,Degraded,22.0,Outdoor
31,CHARLIE-3,2025-03-02T05:03:00,29.2,55%,ok,64.5,outdoor
32,CHARLIE-3,2025-03-02T06:12:00,20.8,46.0,offline,27.4,Outdoor
33,CHARLIE-3,2025-03-02 06:58:00,17.1,30.0,OK,48.2,Outdoor
34,CHARLIE-3,02/03/2025 08:12,22.0,31.9,ok,13.2,Outdoor
35,BRAVO-2,2025-03-02T08:54:00,23.1,58.4,DEGRADED,60.5,indoor
36,ALPHA-1,2025-03-02T10:03:00,5.6,43.1,offline,39.6,Outdoor
37,bravo-2,2025-03-02T11:27:00,21.6,57%,Degraded,62.2,
38,DELTA-4,2025-03-02T12:30:00,16.1,22.5,Offline,37.6,indoor
39,BRAVO-2,02/03/2025 12:54,18.5,88%,DEGRADED,99.0,indoor
40,alpha-1,2025-03-02 13:35:00,7.0,73.6,Degraded,46.4,indoor
41,alpha-1,02/03/2025 14:33,12.9 C,45%,DEGRADED,23.9,
42,DELTA-4,2025-03-02 15:09:00,18.9,23%,DEGRADED,87.1,
43,DELTA-4,2025-03-02T16:22:00,22.9,29.0,Degraded,51.8,outdoor
44,alpha-1,2025-03-02T17:01:00,12.5,51.7,offline,27.5,indoor
45,CHARLIE-3,2025-03-02T17:58:00,26.7,92%,offline,70.1,outdoor
46,ALPHA-1,02/03/2025 18:26,26.5,62%,ok,64.0,
47,BRAVO-2,2025-03-02T19:09:00,17.0,80%,Offline,49.2,indoor
48,BRAVO-2,2025-03-02T20:11:00,,57%,Degraded,84.8,
49,BRAVO-2,2025-03-02 20:44:00,14.7,87%,DEGRADED,64.1,Outdoor
50,alpha-1,02/03/2025 22:05,12.9,-999,offline,77.4,
51,CHARLIE-3,2025-03-02 23:27:00,8.6 C,40%,Offline,62.8,Outdoor
52,BRAVO-2,03/03/2025 00:19,19.7 C,82%,ok,17.8,Outdoor
53,BRAVO-2,2025-03-03T00:48:00,21.8,55%,Degraded,68.5,Outdoor
54,BRAVO-2,2025-03-03 01:48:00,13.7,25.2,Degraded,30.7,Outdoor
55,alpha-1,2025-03-03 02:10:00,21.0,65.4,Degraded,92.1,
56,DELTA-4,03/03/2025 02:38,23.3,27.4,ok,22.6,indoor
57,alpha-1,2025-03-03 03:25:00,21.4,90.7,OK,95.0,
58,CHARLIE-3,2025-03-03T04:42:00,29.2 C,50.8,Degraded,84.3,outdoor
59,ALPHA-1,2025-03-03 05:36:00,19.3,-999,DEGRADED,96.2,outdoor
60,BRAVO-2,2025-03-03 07:00:00,15.5,83%,DEGRADED,24.2,Outdoor
61,bravo-2,2025-03-03T07:32:00,19.0,65%,ok,60.5,Outdoor
62,ALPHA-1,03/03/2025 08:19,21.7 C,41%,ok,50.2,
63,alpha-1,2025-03-03 08:56:00,,37.4,ok,21.7,
64,CHARLIE-3,2025-03-03 09:19:00,15.3,-999,DEGRADED,21.6,
65,BRAVO-2,03/03/2025 10:28,23.1,85.4,ok,5.4,indoor
66,BRAVO-2,2025-03-03T11:16:00,N/A,41.2,DEGRADED,15.2,Outdoor
67,ALPHA-1,2025-03-03 12:46:00,8.1,86.5,Offline,43.4,Outdoor
68,alpha-1,2025-03-03 14:00:00,21.7,93.6,Degraded,84.5,outdoor
69,alpha-1,03/03/2025 14:50,20.2,77%,ok,94.9,indoor
70,BRAVO-2,03/03/2025 15:45,,62.0,DEGRADED,55.5,indoor
71,bravo-2,03/03/2025 16:24,N/A,84.0,Degraded,95.1,outdoor
72,bravo-2,2025-03-03T17:25:00,7.8,88.2,ok,4.9,
73,DELTA-4,2025-03-03 18:50:00,N/A,76%,Degraded,36.3,
74,BRAVO-2,03/03/2025 20:00,29.5,40%,Offline,79.4,outdoor
75,bravo-2,2025-03-03T20:40:00,8.0,54.8,Degraded,65.9,indoor
76,CHARLIE-3,03/03/2025 21:00,22.7,86%,Degraded,12.1,
77,ALPHA-1,2025-03-03T22:29:00,16.0,23%,Offline,81.2,Outdoor
78,BRAVO-2,03/03/2025 22:58,18.7,67.4,DEGRADED,12.2,outdoor
79,alpha-1,2025-03-03T23:53:00,23.6 C,52.8,Degraded,52.9,
80,alpha-1,2025-03-04T00:47:00,,79.5,ok,63.7,
81,alpha-1,2025-03-04 01:19:00,19.1,47.1,DEGRADED,91.8,outdoor
82,alpha-1,2025-03-04 02:48:00,N/A,63%,Offline,34.0,indoor
83,DELTA-4,2025-03-04 04:05:00,21.0,69.8,Degraded,97.1,
84,BRAVO-2,04/03/2025 05:03,18.6,23%,ok,80.7,indoor
85,alpha-1,2025-03-04 05:50:00,23.7,84%,Degraded,6.5,
86,ALPHA-1,04/03/2025 07:05,11.8,83.8,OK,30.1,outdoor
87,ALPHA-1,2025-03-04 07:36:00,14.5 C,37.1,DEGRADED,41.3,indoor
88,DELTA-4,2025-03-04 09:04:00,N/A,67%,Offline,15.4,outdoor
89,alpha-1,2025-03-04 09:24:00,,62%,Degraded,70.5,Outdoor
90,bravo-2,2025-03-04T10:03:00,21.6 C,89.2,Degraded,96.0,Outdoor
91,alpha-1,2025-03-04 11:03:00,21.4 C,52.3,ok,17.3,indoor
92,DELTA-4,04/03/2025 11:40,15.9,22.7,DEGRADED,20.3,indoor
93,alpha-1,04/03/2025 12:58,17.4,74.3,ok,58.6,outdoor
94,alpha-1,04/03/2025 13:39,N/A,57%,ok,17.4,indoor
95,ALPHA-1,2025-03-04 14:07:00,21.6 C,31.2,offline,71.5,Outdoor
96,ALPHA-1,2025-03-04 15:22:00,29.2,27.5,ok,32.2,indoor
97,CHARLIE-3,2025-03-04T15:48:00,12.1 C,95.8,Degraded,9.1,outdoor
98,BRAVO-2,04/03/2025 16:38,N/A,65.7,Offline,68.9,
99,BRAVO-2,04/03/2025 17:29,10.8,65%,DEGRADED,14.0,
100,alpha-1,2025-03-04 18:09:00,,21.8,Offline,75.3,Outdoor
101,alpha-1,04/03/2025 18:54,,-999,Offline,32.1,indoor
102,bravo-2,2025-03-04T19:52:00,20.4,48.2,ok,32.4,Outdoor
103,alpha-1,2025-03-04T20:46:00,7.7 C,67%,DEGRADED,32.8,outdoor
104,CHARLIE-3,04/03/2025 21:15,15.1 C,82%,DEGRADED,72.6,Outdoor
105,bravo-2,2025-03-04T21:42:00,,43%,Degraded,61.1,Outdoor
106,ALPHA-1,04/03/2025 23:03,20.8 C,81.6,Degraded,17.3,indoor
107,BRAVO-2,05/03/2025 00:09,23.1,54%,ok,6.9,Outdoor
108,bravo-2,2025-03-05 01:36:00,19.1,60%,DEGRADED,83.4,indoor
109,BRAVO-2,05/03/2025 02:15,19.2,28%,offline,15.9,indoor
110,BRAVO-2,2025-03-05T03:42:00,18.6 C,57.1,Offline,72.0,
111,BRAVO-2,2025-03-05T04:03:00,14.9 C,82.3,offline,47.7,
112,alpha-1,2025-03-05 04:31:00,N/A,37.9,offline,88.1,outdoor
113,DELTA-4,2025-03-05T05:16:00,16.3,82.9,DEGRADED,21.0,Outdoor
114,CHARLIE-3,05/03/2025 06:41,8.3,28%,Degraded,8.2,outdoor
115,alpha-1,2025-03-05 08:00:00,15.5,77.9,OK,92.2,
116,DELTA-4,2025-03-05T09:23:00,18.9,-999,DEGRADED,99.0,outdoor
117,BRAVO-2,2025-03-05T10:16:00,,89%,Offline,28.4,Outdoor
118,bravo-2,2025-03-05 11:16:00,18.5,94.7,offline,25.0,
119,BRAVO-2,2025-03-05T12:21:00,,49.4,offline,19.3,
120,BRAVO-2,2025-03-05T13:36:00,10.8,64%,Offline,82.9,
121,DELTA-4,2025-03-05 14:11:00,N/A,-999,offline,5.2,outdoor
122,BRAVO-2,2025-03-05T15:29:00,30.2,65%,Degraded,98.5,Outdoor
123,alpha-1,05/03/2025 16:01,0.9,79%,DEGRADED,58.2,indoor
124,DELTA-4,2025-03-05 16:45:00,16.5,70.3,OK,11.2,indoor
125,bravo-2,05/03/2025 17:55,17.4,37.5,offline,47.2,
126,BRAVO-2,2025-03-05T18:43:00,13.7,77.0,Offline,14.3,outdoor
127,ALPHA-1,2025-03-05 19:12:00,16.6,89%,ok,41.5,outdoor
128,DELTA-4,2025-03-05T19:50:00,25.3,-999,Degraded,88.6,outdoor
129,DELTA-4,2025-03-05 20:51:00,27.3,56%,OK,29.0,outdoor
130,alpha-1,2025-03-05T21:25:00,18.9,77.0,offline,66.0,
131,CHARLIE-3,2025-03-05T22:11:00,3.2,57.9,Degraded,20.0,outdoor
132,DELTA-4,05/03/2025 22:55,25.9,67%,Degraded,39.4,
133,alpha-1,2025-03-06T00:09:00,25.4,41.9,DEGRADED,61.4,indoor
134,ALPHA-1,06/03/2025 00:31,15.8,91.3,offline,71.2,Outdoor
135,bravo-2,2025-03-06T01:27:00,31.0,90%,Degraded,92.0,outdoor
136,BRAVO-2,2025-03-06 02:16:00,15.1,65.5,offline,44.0,outdoor
137,alpha-1,2025-03-06 02:48:00,15.0,76%,Degraded,44.1,indoor
138,bravo-2,2025-03-06 04:01:00,20.9,89%,OK,55.6,
139,DELTA-4,2025-03-06T04:41:00,-1.9,87.1,Degraded,78.5,indoor
140,CHARLIE-3,2025-03-06T05:37:00,,75%,OK,76.9,Outdoor
141,bravo-2,2025-03-06T06:02:00,23.1,34.3,Degraded,51.6,Outdoor
142,bravo-2,06/03/2025 07:31,26.6,32.4,Offline,41.4,Outdoor
143,bravo-2,2025-03-06 08:48:00,18.3,-999,ok,40.0,outdoor
144,bravo-2,06/03/2025 09:25,11.8,36.5,ok,52.0,
145,bravo-2,06/03/2025 10:13,28.2,25.7,DEGRADED,52.7,Outdoor
146,alpha-1,2025-03-06 11:18:00,16.6 C,34%,ok,86.7,
147,CHARLIE-3,2025-03-06 12:16:00,1.5,32.8,offline,54.1,outdoor
148,bravo-2,2025-03-06 13:33:00,15.0,36%,ok,42.3,Outdoor
149,alpha-1,2025-03-06 14:53:00,16.4 C,89%,DEGRADED,77.8,outdoor
150,CHARLIE-3,2025-03-06 15:17:00,20.5,24.5,OK,96.1,Outdoor
151,bravo-2,2025-03-06T16:36:00,13.1 C,91%,OK,76.3,outdoor
152,CHARLIE-3,2025-03-06 17:15:00,18.4 C,81%,DEGRADED,37.1,outdoor
153,CHARLIE-3,06/03/2025 17:59,N/A,90%,ok,62.6,outdoor
154,alpha-1,06/03/2025 18:34,N/A,80%,DEGRADED,60.8,
155,DELTA-4,2025-03-06 19:23:00,32.8,31.3,Degraded,77.8,outdoor
156,BRAVO-2,2025-03-06 19:58:00,24.1,79%,Offline,38.1,indoor
157,CHARLIE-3,2025-03-06T20:40:00,,25%,ok,84.5,Outdoor
158,alpha-1,2025-03-06 21:19:00,N/A,86.5,OK,94.4,indoor
159,CHARLIE-3,06/03/2025 22:41,10.9 C,73%,ok,25.2,Outdoor
160,alpha-1,06/03/2025 23:01,29.3,64.4,OK,76.2,indoor
161,DELTA-4,2025-03-06T23:55:00,N/A,42.7,Offline,81.6,Outdoor
162,bravo-2,07/03/2025 01:12,22.1,88.5,Degraded,62.0,
163,BRAVO-2,2025-03-07 02:37:00,19.0,-999,OK,60.7,outdoor
164,CHARLIE-3,2025-03-07T03:08:00,13.7,91.5,OK,83.7,outdoor
165,BRAVO-2,2025-03-07T04:33:00,17.5,55.2,ok,88.7,
166,ALPHA-1,2025-03-07 05:51:00,19.6 C,40.5,ok,30.4,indoor
167,alpha-1,2025-03-07 06:29:00,15.2,76.7,ok,72.4,indoor
168,DELTA-4,2025-03-07 07:21:00,,62%,Degraded,92.0,
169,ALPHA-1,2025-03-07 07:41:00,21.1,64%,Offline,11.2,Outdoor
170,alpha-1,2025-03-07 08:33:00,17.9,47%,offline,87.3,Outdoor
171,DELTA-4,07/03/2025 09:03,18.0,57.1,offline,20.3,outdoor
172,bravo-2,07/03/2025 09:41,24.2,85%,offline,33.5,Outdoor
173,DELTA-4,2025-03-07 10:35:00,18.7,66%,Offline,14.5,
174,BRAVO-2,07/03/2025 10:58,18.5,84.3,ok,73.3,
175,CHARLIE-3,07/03/2025 11:50,22.0,38.9,Offline,76.6,Outdoor
176,alpha-1,2025-03-07 12:40:00,,80%,Degraded,64.9,indoor
177,alpha-1,2025-03-07T13:44:00,14.1,31.5,Offline,53.4,
178,CHARLIE-3,2025-03-07 15:04:00,14.0,91%,Offline,86.1,indoor
179,alpha-1,2025-03-07 16:26:00,22.9,27.5,DEGRADED,92.6,
180,DELTA-4,2025-03-07T16:53:00,16.9,-999,Degraded,91.9,Outdoor
181,DELTA-4,2025-03-07T17:17:00,N/A,49.9,Offline,42.6,Outdoor
182,BRAVO-2,2025-03-07 18:20:00,17.1,25.8,offline,29.5,outdoor
183,alpha-1,2025-03-07 19:41:00,2.5,43%,Offline,59.6,
184,ALPHA-1,2025-03-07T20:32:00,15.1,42.6,ok,24.5,
185,BRAVO-2,2025-03-07T21:17:00,20.1,28%,DEGRADED,44.6,
186,CHARLIE-3,2025-03-07 22:13:00,,29.5,offline,95.0,outdoor
187,ALPHA-1,2025-03-07 23:12:00,12.0,81%,DEGRADED,11.2,outdoor
188,BRAVO-2,2025-03-07 23:46:00,13.5,85.1,DEGRADED,37.3,indoor
189,BRAVO-2,2025-03-08 00:10:00,25.3,94.8,Offline,47.6,outdoor
190,BRAVO-2,2025-03-08 01:03:00,28.0,44.1,offline,25.8,indoor
191,DELTA-4,2025-03-08T02:20:00,18.7,46.9,Degraded,19.0,outdoor
192,alpha-1,08/03/2025 03:41,28.8 C,27.2,offline,11.9,indoor
193,DELTA-4,2025-03-08T04:34:00,12.4,27.0,Offline,44.8,outdoor
194,BRAVO-2,2025-03-08T05:20:00,13.9,68.5,DEGRADED,74.1,indoor
195,bravo-2,2025-03-08 06:08:00,,79.8,OK,62.1,outdoor
196,DELTA-4,2025-03-08 07:16:00,17.7,78%,ok,29.4,Outdoor
197,CHARLIE-3,2025-03-08T08:12:00,N/A,30%,OK,22.3,
198,BRAVO-2,08/03/2025 09:12,23.1,88.3,DEGRADED,53.5,Outdoor
199,DELTA-4,2025-03-08T10:40:00,14.3,76.4,Degraded,62.7,outdoor
200,CHARLIE-3,2025-03-08T12:00:00,19.2,71.7,OK,87.1,outdoor
201,bravo-2,08/03/2025 12:51,21.1,52.6,OK,94.6,indoor
202,CHARLIE-3,2025-03-08T13:19:00,25.2,91.2,Offline,69.1,Outdoor
203,BRAVO-2,2025-03-08 13:53:00,29.2,84.1,DEGRADED,42.2,indoor
204,DELTA-4,2025-03-08 14:41:00,28.6,33.7,Offline,15.9,indoor
205,alpha-1,2025-03-08T16:08:00,24.7 C,43%,Degraded,87.1,outdoor
206,BRAVO-2,08/03/2025 16:32,19.3,81%,DEGRADED,21.3,indoor
207,alpha-1,2025-03-08 17:06:00,,55%,DEGRADED,71.0,indoor
208,DELTA-4,2025-03-08T17:32:00,,51%,OK,4.6,
209,DELTA-4,2025-03-08T18:41:00,27.1,75%,OK,14.6,
210,BRAVO-2,2025-03-08 19:56:00,27.1 C,-999,ok,71.0,Outdoor
211,ALPHA-1,08/03/2025 20:47,7.3,94%,offline,20.4,indoor
212,alpha-1,2025-03-08 21:46:00,,91%,DEGRADED,40.6,indoor
213,BRAVO-2,2025-03-08 22:35:00,13.9,80.9,offline,73.3,outdoor
214,DELTA-4,2025-03-08 23:10:00,12.6,62%,Offline,82.3,outdoor
215,alpha-1,2025-03-09T00:40:00,6.1,67%,Offline,28.6,outdoor
216,alpha-1,2025-03-09 01:04:00,10.1,68%,offline,97.7,Outdoor
217,CHARLIE-3,2025-03-09T02:22:00,9.5,27.7,OK,98.8,indoor
218,BRAVO-2,2025-03-09 03:34:00,17.0,35%,Degraded,95.3,Outdoor
219,DELTA-4,2025-03-09 04:44:00,16.9,91.0,ok,30.8,outdoor
220,alpha-1,2025-03-09 05:34:00,,85.7,DEGRADED,81.6,Outdoor
221,CHARLIE-3,2025-03-09T06:33:00,12.7,59.9,DEGRADED,87.7,Outdoor
222,ALPHA-1,2025-03-09T07:12:00,18.3,52%,ok,29.3,Outdoor
223,BRAVO-2,09/03/2025 07:57,8.1,51.8,DEGRADED,72.9,indoor
224,alpha-1,2025-03-09 08:39:00,18.7,61.4,DEGRADED,77.8,outdoor
225,ALPHA-1,2025-03-09T09:39:00,21.6,35%,OK,34.0,
226,ALPHA-1,2025-03-09 11:02:00,N/A,57%,Offline,88.0,indoor
227,ALPHA-1,2025-03-09 11:40:00,19.7 C,67.0,DEGRADED,5.1,indoor
228,bravo-2,09/03/2025 13:05,13.7,90%,Offline,89.3,Outdoor
229,DELTA-4,2025-03-09 14:08:00,14.7,-999,Degraded,70.7,Outdoor
230,CHARLIE-3,2025-03-09T14:50:00,N/A,52%,DEGRADED,20.0,Outdoor
231,BRAVO-2,2025-03-09T15:41:00,8.5,36.9,ok,57.2,Outdoor
232,BRAVO-2,09/03/2025 16:45,9.9 C,55%,DEGRADED,83.3,
233,bravo-2,2025-03-09 17:29:00,8.2,51%,offline,95.5,
234,alpha-1,09/03/2025 18:30,17.0 C,47.4,Degraded,69.4,Outdoor
235,CHARLIE-3,2025-03-09 19:37:00,22.5,84%,Offline,80.8,
236,bravo-2,2025-03-09T20:59:00,18.9,36.3,Offline,44.9,outdoor
237,CHARLIE-3,2025-03-09 21:22:00,26.9 C,21.1,offline,24.6,Outdoor
238,CHARLIE-3,2025-03-09T21:52:00,,-999,offline,25.2,Outdoor
239,CHARLIE-3,2025-03-09 22:43:00,16.7 C,52.1,Offline,83.3,Outdoor
240,DELTA-4,10/03/2025 00:02,14.9,79%,Offline,14.4,indoor
241,BRAVO-2,2025-03-10T00:57:00,15.2,31.0,DEGRADED,55.1,indoor
242,ALPHA-1,10/03/2025 01:42,22.6,88.8,DEGRADED,54.1,outdoor
243,CHARLIE-3,2025-03-10T02:33:00,28.6,45.5,ok,95.2,Outdoor
244,BRAVO-2,10/03/2025 03:51,23.1,86.1,Offline,44.6,outdoor
245,DELTA-4,2025-03-10 04:34:00,26.0,67.8,DEGRADED,37.1,Outdoor
246,CHARLIE-3,2025-03-10 05:14:00,N/A,41.0,DEGRADED,34.2,
247,BRAVO-2,10/03/2025 05:55,,56.6,Degraded,77.4,indoor
248,bravo-2,2025-03-10T06:40:00,15.2,31.1,DEGRADED,86.3,
249,ALPHA-1,10/03/2025 07:05,19.8 C,25.1,Offline,98.2,Outdoor
250,ALPHA-1,2025-03-10 08:20:00,22.0,41%,Degraded,71.2,Outdoor
251,BRAVO-2,10/03/2025 08:53,20.8 C,48%,ok,99.4,indoor
252,BRAVO-2,10/03/2025 09:14,14.8,86.9,offline,41.5,outdoor
253,ALPHA-1,10/03/2025 09:46,21.5 C,29.0,ok,95.1,
254,DELTA-4,2025-03-10T10:27:00,N/A,30.6,offline,90.0,
255,CHARLIE-3,10/03/2025 11:10,,72%,ok,8.3,indoor
256,DELTA-4,10/03/2025 12:31,N/A,58%,offline,14.2,Outdoor
257,alpha-1,2025-03-10 13:46:00,N/A,89%,Offline,18.5,Outdoor
258,DELTA-4,2025-03-10 14:35:00,12.5,52.4,Offline,7.8,outdoor
259,alpha-1,2025-03-10T15:41:00,2.7,35%,Degraded,16.5,Outdoor
260,BRAVO-2,10/03/2025 16:03,25.7 C,79%,offline,41.7,
261,DELTA-4,10/03/2025 17:05,20.7,57.1,Offline,49.5,Outdoor
262,BRAVO-2,10/03/2025 18:21,N/A,36.7,ok,39.3,outdoor
263,CHARLIE-3,2025-03-10T19:09:00,,56.1,ok,47.4,
264,BRAVO-2,2025-03-10 20:15:00,,48%,ok,64.5,
265,ALPHA-1,2025-03-10T21:07:00,11.4,27.7,Degraded,83.5,outdoor
266,ALPHA-1,2025-03-10 21:36:00,21.1,-999,Degraded,45.9,Outdoor
267,DELTA-4,2025-03-10T23:03:00,7.7 C,84%,ok,51.2,outdoor
268,alpha-1,10/03/2025 23:31,9.1,-999,offline,53.4,outdoor
269,DELTA-4,2025-03-11 00:54:00,,47.8,DEGRADED,36.0,outdoor
270,CHARLIE-3,11/03/2025 01:42,,69.5,offline,50.6,Outdoor
271,bravo-2,2025-03-11 02:45:00,12.6 C,45.1,ok,19.7,
272,ALPHA-1,11/03/2025 04:14,16.1,95%,offline,72.4,
273,ALPHA-1,11/03/2025 05:21,N/A,42%,Offline,61.8,indoor
274,bravo-2,2025-03-11 06:08:00,33.2,-999,OK,85.7,indoor
275,ALPHA-1,2025-03-11T06:59:00,11.3,32%,DEGRADED,14.2,
276,DELTA-4,2025-03-11 07:55:00,12.1,34.9,Degraded,67.0,outdoor
277,bravo-2,2025-03-11 09:17:00,21.8,-999,DEGRADED,11.7,
278,CHARLIE-3,11/03/2025 10:47,19.3,26%,DEGRADED,68.3,
279,CHARLIE-3,2025-03-11 11:11:00,,-999,Degraded,65.0,outdoor
280,alpha-1,11/03/2025 11:52,11.3,88.9,ok,36.5,indoor
281,BRAVO-2,2025-03-11 12:39:00,N/A,54%,Offline,86.8,Outdoor
282,alpha-1,2025-03-11T13:28:00,19.0,84.3,offline,7.7,outdoor
283,BRAVO-2,2025-03-11 14:01:00,7.8 C,28%,DEGRADED,6.7,
284,BRAVO-2,2025-03-11T14:47:00,,-999,Degraded,56.6,
285,alpha-1,2025-03-11T15:57:00,14.1,51%,OK,41.5,indoor
286,CHARLIE-3,2025-03-11 16:20:00,N/A,29.3,Degraded,19.7,indoor
287,ALPHA-1,2025-03-11 16:51:00,21.3,29.6,ok,62.5,Outdoor
288,ALPHA-1,2025-03-11 17:41:00,,75.5,DEGRADED,35.5,indoor
289,BRAVO-2,2025-03-11T18:25:00,-3.8,52.4,OK,51.7,outdoor
290,CHARLIE-3,11/03/2025 19:54,15.2 C,85.8,Degraded,99.0,
291,DELTA-4,2025-03-11 21:14:00,17.1,91.8,ok,56.6,
292,ALPHA-1,2025-03-11 21:45:00,21.3,93.2,DEGRADED,26.5,
293,bravo-2,2025-03-11T23:05:00,19.7,70.0,Offline,95.2,indoor
294,bravo-2,2025-03-12 00:11:00,,65.8,Offline,65.8,Outdoor
295,DELTA-4,2025-03-12T01:38:00,17.3,63.8,DEGRADED,23.0,Outdoor
296,CHARLIE-3,2025-03-12T02:09:00,14.8,83.8,Offline,64.7,
297,CHARLIE-3,2025-03-12T03:04:00,,77%,Degraded,55.6,outdoor
298,ALPHA-1,2025-03-12T04:04:00,17.6 C,73%,offline,76.8,outdoor
299,DELTA-4,2025-03-12 05:00:00,N/A,71.6,offline,50.7,
300,bravo-2,2025-03-12 05:54:00,7.5,26.0,offline,63.4,
301,ALPHA-1,12/03/2025 06:33,22.1,61%,OK,59.6,
302,ALPHA-1,2025-03-12 07:54:00,27.9 C,69%,DEGRADED,56.5,indoor
303,alpha-1,12/03/2025 08:38,17.2,22%,Offline,30.3,indoor
304,BRAVO-2,2025-03-12 10:05:00,8.6,63%,Degraded,89.7,indoor
305,CHARLIE-3,2025-03-12T10:48:00,6.7 C,52%,OK,60.8,
306,DELTA-4,12/03/2025 11:46,,26%,Offline,13.8,outdoor
307,bravo-2,2025-03-12 13:02:00,13.5 C,-999,Offline,43.8,
308,alpha-1,2025-03-12T14:07:00,25.3 C,54.4,OK,34.8,Outdoor
309,CHARLIE-3,12/03/2025 15:19,16.7,-999,OK,92.6,
310,CHARLIE-3,2025-03-12T15:50:00,22.7,48%,ok,73.9,
311,DELTA-4,2025-03-12T17:05:00,10.7 C,-999,ok,21.1,indoor
312,BRAVO-2,2025-03-12T18:04:00,19.9,83%,DEGRADED,78.2,
313,alpha-1,2025-03-12 18:47:00,17.3 C,22.8,Offline,50.7,outdoor
314,DELTA-4,12/03/2025 19:18,11.7,33.3,Offline,91.5,outdoor
315,DELTA-4,2025-03-12 20:21:00,17.9,29.3,ok,46.7,
316,DELTA-4,12/03/2025 21:51,7.6,80%,ok,90.0,Outdoor
317,CHARLIE-3,2025-03-12T22:50:00,,30%,OK,42.8,
318,DELTA-4,13/03/2025 00:08,N/A,84%,DEGRADED,51.3,outdoor
319,BRAVO-2,2025-03-13 00:45:00,18.7 C,53.7,DEGRADED,44.1,outdoor
320,bravo-2,2025-03-13 01:40:00,13.2,79%,OK,44.8,Outdoor
321,CHARLIE-3,13/03/2025 02:06,25.5,47%,OK,9.6,Outdoor
322,CHARLIE-3,2025-03-13 02:58:00,15.6,85.7,ok,98.1,Outdoor
323,BRAVO-2,13/03/2025 04:16,13.7,22.7,Degraded,69.7,indoor
324,ALPHA-1,13/03/2025 05:19,2.5,61.2,ok,64.2,
325,CHARLIE-3,2025-03-13T06:45:00,17.1 C,77%,OK,21.3,Outdoor
326,alpha-1,2025-03-13T07:14:00,13.3,72%,ok,86.0,Outdoor
327,bravo-2,2025-03-13 08:25:00,15.2 C,35.5,Offline,13.7,indoor
328,ALPHA-1,2025-03-13T09:21:00,N/A,69%,Offline,96.2,Outdoor
329,BRAVO-2,2025-03-13 10:23:00,19.4,43.2,ok,10.6,outdoor
330,ALPHA-1,2025-03-13 11:15:00,14.6,91.6,DEGRADED,90.9,outdoor
331,CHARLIE-3,13/03/2025 12:20,10.2,64.9,ok,48.1,indoor
332,bravo-2,2025-03-13T13:41:00,20.0 C,90%,Offline,57.2,
333,bravo-2,2025-03-13 14:25:00,13.9,92.2,offline,10.6,Outdoor
334,DELTA-4,2025-03-13 15:26:00,4.4,35%,OK,59.7,
335,alpha-1,2025-03-13T16:37:00,18.7,-999,DEGRADED,97.6,outdoor
336,ALPHA-1,13/03/2025 17:02,,78.0,Offline,46.8,
337,alpha-1,13/03/2025 17:48,16.7,-999,offline,55.8,outdoor
338,CHARLIE-3,2025-03-13 18:13:00,19.5,56.9,Degraded,78.7,Outdoor
339,bravo-2,2025-03-13 19:20:00,22.4,68%,Offline,42.3,Outdoor
340,alpha-1,13/03/2025 20:48,24.0,79.1,DEGRADED,53.7,indoor
341,bravo-2,13/03/2025 22:15,25.0 C,59%,OK,59.2,Outdoor
342,bravo-2,2025-03-13 23:37:00,N/A,26%,Offline,47.5,
343,bravo-2,2025-03-14 00:47:00,8.8 C,68.1,OK,53.1,
344,BRAVO-2,14/03/2025 01:45,9.1,53%,offline,52.1,indoor
345,bravo-2,2025-03-14 02:37:00,16.1,33%,offline,11.8,outdoor
346,CHARLIE-3,2025-03-14 03:56:00,25.6,23%,offline,62.4,Outdoor
347,ALPHA-1,2025-03-14T05:22:00,,27%,ok,39.6,Outdoor
348,DELTA-4,2025-03-14T06:48:00,20.8,44.9,ok,58.7,
349,alpha-1,2025-03-14T07:35:00,18.0,49.4,OK,86.1,indoor
350,BRAVO-2,2025-03-14 08:25:00,12.8,68.5,ok,69.4,outdoor
351,bravo-2,2025-03-14 09:24:00,12.2,41%,Degraded,85.8,indoor
352,BRAVO-2,2025-03-14T10:49:00,20.7 C,84.7,Degraded,12.7,outdoor
353,BRAVO-2,2025-03-14T11:46:00,11.8,43.8,DEGRADED,40.8,outdoor
354,CHARLIE-3,2025-03-14T12:56:00,22.9,-999,ok,84.5,
355,ALPHA-1,2025-03-14 13:39:00,24.4,87%,OK,9.2,
356,bravo-2,2025-03-14T14:52:00,21.9,48.1,DEGRADED,61.1,outdoor
357,DELTA-4,2025-03-14T15:32:00,22.0 C,60%,offline,64.5,Outdoor
358,bravo-2,2025-03-14 16:24:00,30.6,75%,DEGRADED,21.8,Outdoor
359,BRAVO-2,14/03/2025 17:42,10.7,29.8,offline,57.3,indoor
360,BRAVO-2,2025-03-14 18:40:00,26.0,-999,OK,25.0,Outdoor
361,bravo-2,2025-03-14T19:57:00,15.9,84.4,ok,83.6,indoor
362,CHARLIE-3,2025-03-14T21:19:00,16.0,26%,OK,53.1,indoor
363,alpha-1,2025-03-14T22:02:00,21.9,39%,offline,71.8,
364,BRAVO-2,2025-03-14T22:27:00,,32.6,DEGRADED,73.1,Outdoor
365,DELTA-4,2025-03-14 23:28:00,24.4,63.3,Degraded,47.8,
366,CHARLIE-3,2025-03-15 00:38:00,28.4,46%,DEGRADED,82.3,indoor
367,ALPHA-1,2025-03-15 01:27:00,23.5,52.0,offline,21.4,indoor
368,CHARLIE-3,2025-03-15 02:39:00,18.0,62.2,Degraded,14.5,Outdoor
369,ALPHA-1,2025-03-15 03:57:00,N/A,89.8,OK,34.0,outdoor
370,CHARLIE-3,2025-03-15 04:37:00,22.0 C,51%,offline,35.5,Outdoor
371,alpha-1,15/03/2025 06:07,2.7,29.8,OK,25.0,outdoor
372,alpha-1,15/03/2025 07:07,7.9,64.5,OK,83.3,Outdoor
373,CHARLIE-3,15/03/2025 07:41,16.8,69.8,DEGRADED,40.6,indoor
374,bravo-2,2025-03-15 08:34:00,,-999,DEGRADED,29.2,outdoor
375,BRAVO-2,2025-03-15T09:57:00,29.4,-999,ok,32.6,outdoor
376,ALPHA-1,2025-03-15T10:38:00,9.5,61.2,OK,11.0,
377,ALPHA-1,2025-03-15T10:59:00,15.2,52%,Degraded,7.7,Outdoor
378,BRAVO-2,2025-03-15 12:00:00,25.3,76%,Degraded,57.2,indoor
379,BRAVO-2,2025-03-15T13:23:00,6.6,41.0,DEGRADED,39.6,indoor
380,CHARLIE-3,15/03/2025 14:20,12.9,78.8,offline,58.7,outdoor
381,DELTA-4,15/03/2025 15:01,N/A,78.9,Degraded,28.1,Outdoor
382,alpha-1,2025-03-15 15:44:00,16.9,50.8,Degraded,56.3,
383,CHARLIE-3,15/03/2025 16:50,9.0 C,54.4,Degraded,59.7,
384,DELTA-4,2025-03-15 17:34:00,24.6,87.1,OK,23.4,indoor
385,DELTA-4,15/03/2025 19:02,20.4 C,89%,DEGRADED,9.6,outdoor
386,BRAVO-2,2025-03-15 19:50:00,20.9,58%,offline,85.9,
387,alpha-1,2025-03-15T20:41:00,15.6,86.2,ok,62.1,outdoor
388,ALPHA-1,15/03/2025 21:47,12.7 C,88%,DEGRADED,25.9,outdoor
389,DELTA-4,2025-03-15T23:02:00,14.0,57.2,DEGRADED,80.8,
390,CHARLIE-3,15/03/2025 23:49,22.8 C,84%,OK,11.4,
391,ALPHA-1,2025-03-16 01:09:00,3.2,84.3,Degraded,4.9,Outdoor
392,alpha-1,2025-03-16T01:55:00,22.6,33%,Offline,36.4,
393,alpha-1,2025-03-16 03:12:00,10.8,23.4,OK,86.9,outdoor
394,ALPHA-1,16/03/2025 03:42,17.9 C,31%,DEGRADED,61.0,outdoor
395,BRAVO-2,16/03/2025 04:35,5.8,78.4,offline,78.8,indoor
396,CHARLIE-3,2025-03-16 05:21:00,25.3,80%,Offline,36.7,outdoor
397,DELTA-4,2025-03-16 06:27:00,,26%,Offline,84.1,
398,bravo-2,16/03/2025 06:56,15.5,48.7,DEGRADED,7.9,indoor
399,DELTA-4,2025-03-16 07:50:00,17.7,39.3,ok,73.1,
400,alpha-1,16/03/2025 08:31,9.9 C,89%,Offline,82.6,Outdoor
401,DELTA-4,2025-03-16T09:24:00,,57.9,Offline,99.8,Outdoor
402,ALPHA-1,16/03/2025 10:21,10.9,68%,Offline,90.0,Outdoor
403,ALPHA-1,2025-03-16T11:35:00,23.7,-999,OK,66.6,
404,ALPHA-1,2025-03-16T12:35:00,16.4 C,28.1,offline,95.9,indoor
405,DELTA-4,2025-03-16T13:29:00,15.4,44.4,OK,73.5,outdoor
406,ALPHA-1,16/03/2025 13:53,,29%,OK,62.5,Outdoor
407,bravo-2,2025-03-16 14:41:00,7.6,78%,OK,37.8,Outdoor
408,CHARLIE-3,2025-03-16 15:04:00,13.7,73%,OK,42.8,
409,DELTA-4,2025-03-16T16:04:00,8.6,43.4,OK,62.5,outdoor
410,CHARLIE-3,2025-03-16T16:56:00,11.2,89.5,offline,15.3,
411,CHARLIE-3,2025-03-16T18:09:00,12.6,66.7,ok,50.0,indoor
412,ALPHA-1,16/03/2025 19:03,N/A,58%,OK,32.7,
413,DELTA-4,2025-03-16T19:30:00,,31%,DEGRADED,59.1,indoor
414,alpha-1,16/03/2025 20:17,22.0,-999,offline,74.0,outdoor
415,alpha-1,16/03/2025 20:51,13.1,31.8,DEGRADED,16.5,outdoor
416,ALPHA-1,2025-03-16 21:18:00,15.9,-999,Offline,6.7,Outdoor
417,alpha-1,2025-03-16 21:56:00,16.2 C,30.1,DEGRADED,90.7,
418,BRAVO-2,2025-03-16T22:55:00,3.0 C,88.0,OK,47.6,Outdoor
419,bravo-2,17/03/2025 00:18,10.8,26.9,OK,12.2,indoor
420,BRAVO-2,17/03/2025 01:33,13.7,41.2,OK,87.0,outdoor
421,bravo-2,2025-03-17T02:20:00,,75.4,Offline,65.8,outdoor
422,DELTA-4,2025-03-17T03:41:00,22.8 C,95%,Offline,89.5,
423,alpha-1,2025-03-17 05:07:00,18.2,80.5,Offline,55.3,
424,DELTA-4,2025-03-17T05:27:00,19.1 C,86.6,ok,20.0,
425,CHARLIE-3,2025-03-17 06:10:00,N/A,28%,DEGRADED,81.8,outdoor
426,BRAVO-2,17/03/2025 07:01,0.8,31.2,Offline,62.1,indoor
427,BRAVO-2,2025-03-17T07:28:00,9.6,67%,OK,64.0,outdoor
428,BRAVO-2,2025-03-17T08:09:00,19.5,77%,ok,24.5,
429,DELTA-4,2025-03-17T09:22:00,7.5 C,73.8,ok,62.7,Outdoor
430,alpha-1,2025-03-17T10:13:00,,67%,ok,64.8,
431,bravo-2,17/03/2025 11:34,14.2,50.7,Degraded,47.7,outdoor
432,ALPHA-1,2025-03-17 13:04:00,18.0,39%,OK,85.5,indoor
433,BRAVO-2,2025-03-17 14:03:00,23.4,-999,OK,37.1,indoor
434,BRAVO-2,2025-03-17T14:41:00,26.2,59.1,DEGRADED,40.1,Outdoor
435,alpha-1,2025-03-17 15:37:00,29.2,24%,OK,52.5,
436,BRAVO-2,17/03/2025 16:23,16.3,87.1,ok,79.5,indoor
437,CHARLIE-3,2025-03-17T17:35:00,24.8,42%,Degraded,37.9,Outdoor
438,ALPHA-1,2025-03-17 18:26:00,14.1 C,40%,OK,58.6,indoor
439,DELTA-4,17/03/2025 18:57,14.1,-999,offline,25.1,Outdoor
440,alpha-1,17/03/2025 20:10,N/A,54.3,Degraded,76.8,Outdoor
441,ALPHA-1,2025-03-17 20:37:00,30.2 C,55%,OK,43.8,outdoor
442,bravo-2,17/03/2025 21:12,22.8,-999,offline,71.6,Outdoor
443,CHARLIE-3,2025-03-17 21:51:00,18.3,56.2,offline,95.6,
444,CHARLIE-3,2025-03-17 23:14:00,17.8 C,78%,offline,38.1,indoor
445,alpha-1,17/03/2025 23:55,N/A,47%,DEGRADED,35.6,
446,bravo-2,18/03/2025 01:02,N/A,27.6,offline,16.2,
447,BRAVO-2,2025-03-18T02:06:00,N/A,83%,offline,68.5,outdoor
448,bravo-2,2025-03-18 03:27:00,,86.5,offline,20.4,Outdoor
449,alpha-1,2025-03-18T04:46:00,7.4,58.3,Offline,24.6,
450,DELTA-4,2025-03-18 05:36:00,4.1,59.7,ok,80.7,indoor
451,alpha-1,2025-03-18T06:40:00,22.8,47.8,offline,28.3,outdoor
452,ALPHA-1,18/03/2025 07:58,22.4 C,41.1,DEGRADED,62.5,indoor
453,CHARLIE-3,2025-03-18 08:23:00,,32.8,DEGRADED,7.8,Outdoor
454,bravo-2,2025-03-18 09:02:00,24.8,-999,OK,33.1,
455,BRAVO-2,2025-03-18T10:18:00,29.6,66.7,Degraded,25.0,Outdoor
456,alpha-1,2025-03-18T11:16:00,,55.5,ok,71.0,
457,alpha-1,2025-03-18T11:55:00,22.1,85%,Degraded,81.6,indoor
458,BRAVO-2,2025-03-18T12:40:00,,92.3,ok,13.6,outdoor
459,bravo-2,2025-03-18 13:06:00,12.6,53%,offline,13.2,Outdoor
460,ALPHA-1,2025-03-18T14:30:00,20.3,56%,OK,12.9,outdoor
461,ALPHA-1,18/03/2025 15:57,10.0,62.5,Offline,36.5,indoor
462,DELTA-4,18/03/2025 17:05,8.3,33%,OK,95.0,indoor
463,BRAVO-2,18/03/2025 18:24,39.0 C,91.4,Offline,54.2,indoor
464,bravo-2,2025-03-18T18:49:00,26.9 C,84%,Degraded,15.1,outdoor
465,ALPHA-1,18/03/2025 19:17,10.9,76.7,offline,70.0,Outdoor
466,BRAVO-2,2025-03-18T20:37:00,16.6,-999,Offline,58.2,
467,bravo-2,2025-03-18 20:57:00,,51%,DEGRADED,50.5,indoor
468,alpha-1,2025-03-18T21:47:00,14.2 C,75.3,Offline,52.1,indoor
469,alpha-1,2025-03-18 22:08:00,23.7,42%,DEGRADED,19.2,outdoor
470,alpha-1,2025-03-18T23:06:00,,55%,OK,46.3,
471,bravo-2,2025-03-18 23:29:00,16.3,35.3,Offline,13.3,Outdoor
472,DELTA-4,19/03/2025 00:26,10.1,81.4,offline,8.5,Outdoor
473,bravo-2,2025-03-19 00:54:00,16.8,31%,ok,17.7,
474,CHARLIE-3,2025-03-19 01:50:00,29.0,73%,DEGRADED,36.8,
475,alpha-1,19/03/2025 03:01,23.1,92%,ok,78.9,Outdoor
476,CHARLIE-3,2025-03-19T03:51:00,14.7,49.8,DEGRADED,89.3,indoor
477,CHARLIE-3,19/03/2025 04:31,12.7,30.4,Offline,35.8,outdoor
478,bravo-2,2025-03-19 05:06:00,18.4,96%,DEGRADED,31.1,outdoor
479,alpha-1,19/03/2025 05:57,8.9,53.5,Offline,89.4,
480,alpha-1,2025-03-19T06:19:00,13.0,46.8,ok,96.9,
481,DELTA-4,2025-03-19T07:20:00,18.9,51.9,Offline,44.6,
482,DELTA-4,2025-03-19T07:43:00,36.7,93%,OK,58.6,outdoor
483,CHARLIE-3,2025-03-19T08:38:00,8.8,75%,Offline,62.5,indoor
484,alpha-1,2025-03-19 09:25:00,22.4,72%,OK,47.8,indoor
485,CHARLIE-3,2025-03-19 10:18:00,18.2,35%,ok,30.8,outdoor
486,bravo-2,19/03/2025 10:46,9.0,56%,Offline,11.2,outdoor
487,BRAVO-2,2025-03-19 11:50:00,22.5,66%,ok,84.4,outdoor
488,BRAVO-2,2025-03-19T12:53:00,17.4 C,53.2,offline,81.3,outdoor
489,alpha-1,2025-03-19 13:55:00,13.1,22%,offline,58.2,Outdoor
490,CHARLIE-3,2025-03-19 15:07:00,N/A,25%,Degraded,96.4,Outdoor
491,ALPHA-1,19/03/2025 15:50,22.3,40%,DEGRADED,98.9,Outdoor
492,ALPHA-1,2025-03-19 16:28:00,,56%,DEGRADED,57.6,outdoor
493,CHARLIE-3,2025-03-19 17:22:00,N/A,95%,Degraded,53.8,
494,CHARLIE-3,19/03/2025 18:07,N/A,59.3,offline,78.6,
495,alpha-1,2025-03-19 19:28:00,,39.6,offline,57.8,outdoor
496,ALPHA-1,2025-03-19 20:02:00,13.4,78%,DEGRADED,69.2,Outdoor
497,alpha-1,19/03/2025 20:35,10.1,85%,offline,51.2,indoor
498,alpha-1,2025-03-19 21:50:00,13.2,58.7,offline,98.9,
499,CHARLIE-3,19/03/2025 22:46,12.6,53.2,offline,54.3,outdoor
500,DELTA-4,20/03/2025 00:03,13.2,61.3,Degraded,49.7,outdoor
501,CHARLIE-3,2025-03-20 00:29:00,19.9,32.7,offline,36.8,
502,CHARLIE-3,2025-03-20T01:01:00,24.4,49.1,ok,7.8,Outdoor
503,DELTA-4,2025-03-20T01:43:00,6.0,35.8,Offline,12.7,outdoor
504,bravo-2,2025-03-20 02:29:00,23.3,47%,ok,54.1,
505,alpha-1,2025-03-20T03:23:00,,23%,Offline,90.1,indoor
506,BRAVO-2,20/03/2025 03:51,21.5 C,68%,ok,29.7,Outdoor
507,DELTA-4,2025-03-20T05:05:00,22.4,55.8,Degraded,81.7,outdoor
508,ALPHA-1,2025-03-20T06:11:00,28.4,88%,offline,43.3,
509,DELTA-4,2025-03-20 06:31:00,18.9,23%,Offline,34.7,
510,DELTA-4,20/03/2025 06:55,14.2,76.8,offline,27.6,outdoor
511,alpha-1,2025-03-20 08:08:00,,55%,Offline,63.9,
512,CHARLIE-3,2025-03-20 08:44:00,14.4,65.8,offline,21.5,Outdoor
513,alpha-1,2025-03-20T09:05:00,8.1,59%,offline,66.2,Outdoor
514,DELTA-4,20/03/2025 10:27,18.7,79.0,DEGRADED,54.2,Outdoor
515,BRAVO-2,2025-03-20 11:54:00,17.2,86.1,ok,22.7,
516,bravo-2,20/03/2025 13:22,30.1,72%,Degraded,58.6,Outdoor
517,bravo-2,2025-03-20 14:22:00,19.5,34%,OK,49.5,
518,BRAVO-2,2025-03-20 15:11:00,16.0 C,85%,DEGRADED,32.8,indoor
519,CHARLIE-3,2025-03-20T15:36:00,17.2 C,27%,Degraded,54.5,Outdoor
520,DELTA-4,20/03/2025 15:56,6.8,93%,ok,38.2,outdoor
521,BRAVO-2,2025-03-20 17:10:00,9.6 C,57%,Offline,56.2,
522,alpha-1,2025-03-20 18:18:00,N/A,67.2,offline,72.0,Outdoor
523,alpha-1,2025-03-20 19:45:00,25.7,84.4,ok,98.0,indoor
524,BRAVO-2,2025-03-20T20:54:00,22.8,43.5,OK,23.1,
525,CHARLIE-3,2025-03-20 22:24:00,20.6,68%,OK,67.1,Outdoor
526,ALPHA-1,20/03/2025 23:27,17.3,36%,Offline,17.0,outdoor
527,CHARLIE-3,2025-03-21T00:26:00,17.0,-999,offline,24.8,outdoor
528,CHARLIE-3,2025-03-21 01:42:00,26.5,35%,Offline,72.3,
529,DELTA-4,21/03/2025 02:23,21.9,44%,DEGRADED,90.0,
530,DELTA-4,2025-03-21 03:12:00,,88.4,ok,86.3,indoor
531,ALPHA-1,21/03/2025 04:30,24.6,64.2,Offline,76.3,
532,bravo-2,2025-03-21 05:41:00,N/A,42%,Degraded,15.7,Outdoor
533,DELTA-4,21/03/2025 06:46,25.7,89.0,ok,42.4,outdoor
534,bravo-2,2025-03-21T08:03:00,23.3,76.9,offline,58.3,Outdoor
535,bravo-2,21/03/2025 08:24,15.6,79.0,DEGRADED,11.3,Outdoor
536,CHARLIE-3,21/03/2025 09:35,11.9,24%,OK,6.1,indoor
537,bravo-2,2025-03-21 10:05:00,,77.3,ok,99.3,indoor
538,bravo-2,2025-03-21T11:18:00,12.1,42.3,Degraded,37.1,outdoor
539,BRAVO-2,21/03/2025 11:49,15.1,70%,Offline,67.3,Outdoor
540,ALPHA-1,2025-03-21 12:18:00,15.4,66.3,Degraded,46.9,Outdoor
541,CHARLIE-3,2025-03-21 13:47:00,14.5,30%,Offline,52.7,Outdoor
542,alpha-1,2025-03-21T14:46:00,20.8,-999,ok,5.8,
543,BRAVO-2,2025-03-21 15:19:00,30.6,21.6,Degraded,36.7,indoor
544,DELTA-4,21/03/2025 16:21,N/A,61%,ok,65.5,
545,CHARLIE-3,2025-03-21 17:37:00,19.7,78%,OK,37.7,Outdoor
546,BRAVO-2,2025-03-21T19:06:00,25.4,49%,OK,18.8,Outdoor
547,DELTA-4,21/03/2025 20:33,7.7,46%,Degraded,82.7,
548,BRAVO-2,21/03/2025 21:38,18.4,43%,Offline,32.4,Outdoor
549,ALPHA-1,2025-03-21T22:02:00,14.4 C,38.0,offline,14.5,outdoor
550,DELTA-4,2025-03-21T22:41:00,N/A,47.6,Degraded,46.9,
551,CHARLIE-3,21/03/2025 23:32,14.7,66.0,Offline,80.5,indoor
552,BRAVO-2,2025-03-22 00:39:00,6.8 C,59%,DEGRADED,75.7,
553,ALPHA-1,2025-03-22T01:49:00,,78%,Offline,4.2,Outdoor
554,CHARLIE-3,22/03/2025 03:09,12.4,81.4,ok,23.6,outdoor
555,DELTA-4,2025-03-22T04:17:00,26.9,83.6,DEGRADED,46.6,Outdoor
556,ALPHA-1,2025-03-22 05:13:00,10.9,73.2,DEGRADED,81.7,Outdoor
557,alpha-1,2025-03-22 05:38:00,24.7,37%,OK,31.6,Outdoor
558,BRAVO-2,22/03/2025 06:06,13.8,27.5,Offline,52.6,outdoor
559,DELTA-4,2025-03-22T07:19:00,11.2,62.7,DEGRADED,11.5,
560,ALPHA-1,2025-03-22 08:00:00,24.7,70.7,Offline,33.3,indoor
561,CHARLIE-3,2025-03-22 09:16:00,23.5,55.5,Degraded,54.4,Outdoor
562,alpha-1,2025-03-22T10:31:00,15.6,75%,offline,32.3,indoor
563,ALPHA-1,2025-03-22T11:45:00,,31%,Offline,67.3,
564,BRAVO-2,22/03/2025 12:29,N/A,29%,ok,7.0,Outdoor
565,bravo-2,2025-03-22 13:01:00,N/A,71.9,Offline,9.9,indoor
566,CHARLIE-3,2025-03-22 13:24:00,11.2 C,26%,ok,92.6,Outdoor
567,CHARLIE-3,22/03/2025 14:36,15.4,92.2,ok,32.7,
568,ALPHA-1,2025-03-22T15:17:00,,44.1,offline,27.6,
569,ALPHA-1,22/03/2025 16:05,20.4,74.4,Degraded,69.3,Outdoor
570,DELTA-4,2025-03-22T16:43:00,,60%,OK,19.6,indoor
571,BRAVO-2,2025-03-22 17:03:00,25.6,27.7,Degraded,32.5,Outdoor
572,CHARLIE-3,2025-03-22T18:32:00,21.6 C,54.5,Degraded,47.1,Outdoor
573,DELTA-4,2025-03-22 19:14:00,29.9,30.5,Degraded,43.1,indoor
574,DELTA-4,2025-03-22 20:05:00,25.6,27%,offline,60.4,indoor
575,alpha-1,2025-03-22T20:42:00,30.6,94.8,DEGRADED,19.3,indoor
576,DELTA-4,22/03/2025 21:05,4.4,76%,DEGRADED,36.1,Outdoor
577,CHARLIE-3,2025-03-22T21:56:00,15.4,73.6,DEGRADED,59.7,Outdoor
578,ALPHA-1,2025-03-22T22:30:00,26.5,88%,OK,79.0,
579,bravo-2,2025-03-22 23:56:00,8.7,59.8,ok,27.9,
580,CHARLIE-3,23/03/2025 01:05,15.3 C,75.1,Degraded,85.8,indoor
581,CHARLIE-3,2025-03-23T01:30:00,21.8,78.7,OK,46.2,Outdoor
582,CHARLIE-3,23/03/2025 02:38,20.9 C,83.4,Offline,88.3,Outdoor
583,bravo-2,2025-03-23T03:32:00,12.1,-999,offline,32.3,Outdoor
584,bravo-2,2025-03-23T04:17:00,18.7,52%,OK,84.8,
585,bravo-2,2025-03-23 05:20:00,23.6 C,54.1,offline,41.1,indoor
586,ALPHA-1,2025-03-23 06:19:00,N/A,23.0,OK,16.9,
587,DELTA-4,23/03/2025 07:35,13.3,33.6,offline,47.7,Outdoor
588,alpha-1,2025-03-23T08:00:00,22.6,58.2,Degraded,91.8,
589,bravo-2,2025-03-23T09:04:00,15.3 C,33%,offline,90.0,
590,alpha-1,2025-03-23 10:25:00,,67%,DEGRADED,85.5,indoor
591,CHARLIE-3,23/03/2025 11:36,15.4,56%,Offline,40.5,outdoor
592,BRAVO-2,2025-03-23T12:45:00,6.8,68.9,Degraded,43.9,
593,bravo-2,2025-03-23 13:33:00,22.5,30%,OK,15.9,Outdoor
594,CHARLIE-3,2025-03-23T15:02:00,25.6,47.2,DEGRADED,29.4,
595,ALPHA-1,2025-03-23T15:55:00,12.0,46.7,DEGRADED,77.1,
596,bravo-2,2025-03-23T17:21:00,21.7,28.4,DEGRADED,29.8,Outdoor
597,ALPHA-1,2025-03-23T18:00:00,23.1,72.8,DEGRADED,4.9,
598,bravo-2,2025-03-23T19:20:00,15.3,37%,offline,9.7,Outdoor
599,alpha-1,2025-03-23T20:11:00,20.4,93%,DEGRADED,14.2,
600,CHARLIE-3,2025-03-23 20:36:00,25.9,64%,Degraded,59.3,Outdoor
